{
  "MAE": 7458.799599999999,
  "R2": 0.9973172758709102,
  "rows": 1500
}